Original_Feature,PC1,PC2,PC3,PC4,PC5,PC6,PC7,PC8,PC9,PC10,PC11,PC12,PC13,PC14,PC15,PC16,PC17,PC18,PC19,PC20,PC21,PC22,PC23,PC24,PC25,PC26,PC27,PC28,PC29,PC30,PC31,PC32,PC33,PC34,PC35,PC36,PC37,PC38,PC39,PC40,PC41,PC42,PC43,PC44,PC45,PC46
V1,0.05992982602381425,-0.01651752402425723,-0.03704462680510239,-0.24948378828579004,-0.1272384629083661,2.3817169048040485e-05,-0.11338272732838492,-0.31945232126096146,-0.012525463987427928,0.21370778113316458,0.15295242163482667,0.06828413099487134,0.008455308539746593,0.04900722134647608,-0.12417937196300861,-0.07292499322685439,0.021003649828500302,0.11086546320433098,0.03875911102655637,-0.06159163691622909,-0.20375968695506716,-0.15711918007746595,-0.021522599885063443,-0.1872727006760711,0.15172060816072627,0.10528095358166167,-0.03218751611894309,-0.12268496360725535,-0.0740820315600937,-0.2750340743005004,-0.09206272227171762,0.029778147263553024,0.12166840391570195,-0.011736678292013011,-0.03279363476026526,0.15756851223091775,-0.11524236536451046,-0.10169953284860465,0.09863040971683285,0.00023089389826660717,0.1104912121430322,-0.025991768615850085,0.01555379130778079,-0.006374215346489953,-0.11277235681387326,0.14828100364237198
V2,-0.03529393353891552,-0.11553149010735936,-0.12398215769275098,0.17495401036034092,0.13692325621599927,-0.11732066780484221,-0.047803790507939634,-0.1488681562052973,0.22117407831449365,0.15258647018194305,0.004481638906125546,-0.14688604939312316,0.09098992926885713,-0.23062538825177692,-0.1720404436641369,0.08850192766870155,0.1471902828378422,-0.18037429233520155,0.14609786906783165,-0.0988772309355235,-0.11864205807012954,-0.10188141795716509,0.0752486072737611,0.01582456699587221,-0.13123085330751677,-0.12237712254503672,-0.1480192518087841,0.0023514534372455365,-0.02018264568739054,0.008413493201414296,0.07976321435243891,-0.13021441450334312,-0.21325093737731352,-0.12757273741171626,0.06554940740855073,0.10978146896236524,0.09847395794367444,0.11907787808354037,-0.014707542306504555,-0.08200172740097957,0.09846071275507527,-0.18275806479989914,0.05417920154125413,-0.023689497501539453,-0.2121379597647057,-0.15544112077221395
V3,0.09150101231093288,0.16135479385072513,0.0307346546577542,-0.08474228627184827,-0.13611871316887908,-0.1216448195732653,-0.09223332294676063,-0.08431963523578816,0.018992599119938735,0.0971054012625154,-0.17259357913903964,0.04825222059840098,-0.2515457709772603,-0.09519600865185675,-0.14007500179413482,0.0683207998952147,0.04518702471695937,-0.24830976925331905,-0.0028783046091087686,0.04050758900972226,-0.1913402596867399,0.041967363282513714,-0.07118914202046779,0.12941260885292497,-0.14431348825825274,0.21264088821086735,0.1961906760441804,0.11966792754220715,-0.0778788993315126,-0.19703621169010238,-0.1037484201772708,0.04426991904660002,-0.25122333791241486,-0.050745752039454514,-0.01547412404233261,-0.18809033637717715,-0.0885944064221286,-0.2302770070394088,-0.2146987827236188,-0.04193905442977475,-0.10032784566241035,0.018339601228931125,-0.16075873066181245,-0.058298026926526594,0.2613808798872468,0.08817011416545122
V4,0.15489759140929904,-0.0013406669006463257,-0.003716046657768479,-0.14845999827005235,-0.048689173489710094,0.14752283692340992,0.1397847598339094,-0.05555816464432484,-0.20674033844165937,0.06216790806672587,-0.13832818092509003,0.061187524615772725,0.1105557909266969,-0.1430186815055705,-0.11477966299569146,-0.18032161173865321,-0.10782712943265817,-0.07018854029012435,-0.18512028065039238,0.16965990584593232,-0.13642601226423579,0.0014172659967248667,-0.31611830460044194,0.0019270627980275323,-0.023049020550520112,-0.13823750139946459,0.0857888504213384,-0.05242418700789949,-0.26724271635315877,0.0641543957810648,0.060849299711687135,0.17375957159931674,0.1227939943439313,0.20813994093776123,-0.08318023739660921,0.09845969153947229,0.11338291637173974,0.030519185875235458,0.03869774940082295,-0.1797633533780396,-0.01453836205011877,-0.024536129084472263,-0.13446958401019904,-0.10699655687119247,-0.14789240970638626,0.0039318266693480625
V5,0.10056822779621111,-0.0808910186357259,-0.025624627547953818,0.05941331019041152,0.024778278006936813,-0.05847072753137553,-0.2184124283657778,-0.05831873466937185,-0.1962655509459177,-0.10293365592780906,0.013397815771215314,0.28160733136160226,-0.2451115009404361,-0.037980549270134216,-0.272132648690136,-0.0033150142330033577,-0.16007607421595232,-0.02487806144336266,0.030336961764241825,-0.24299393086699358,0.15383138735681723,0.028826446926846522,-0.029288159929872125,-0.05193394844794799,0.036067665130417814,-0.09174874712779012,-0.022590780393936225,0.019595175451744204,0.0134331183369975,0.2203841434406196,0.2709911856837317,-0.004725148782384018,-0.008423970168004127,0.15770326387750713,-0.11866266142112024,0.046121396298816036,0.0997903039042749,-0.05777352381584867,-0.12589531996499842,0.12152505537200077,-0.11560270874138577,-0.022230210914067534,0.1313969041981376,-0.198233266455221,-0.04723241136035805,0.09699969019159627
V6,-0.15593751220945617,-0.08575514853178222,0.05616840100825901,0.09088627173218805,-0.06457937185529411,-0.0730518231688451,-0.013402980643537538,0.10126756792149243,0.23103304387146967,0.08541658534024621,0.2557045133391683,0.12130749289949869,-0.09264908021019021,0.2403412083601515,0.14593915295974996,0.025382946429283848,-0.17152189479340008,-0.250689281518646,-0.04668262876535718,0.19168753135627958,-0.01873371420066787,-0.17932458570468882,0.04638609660589826,0.05577061173707612,-0.11168925524638479,-0.03553264628662543,0.07310449907759743,-0.03867724157356969,-0.01650035600696413,-0.01557587438279634,0.039095017927884015,0.06960000053798529,-0.04408210851091948,0.0422116234808902,-0.028473143140143528,0.06206539788187934,-0.19101342440330313,0.0024877987385191758,-0.2629494404290166,0.17992545583172906,-0.11483092102064413,-0.054991093885340514,-0.1408623557831353,-0.22292530739051583,-0.11462851739962913,-0.12987041754606368
V7,-0.24049332565448478,-0.03591307323104306,0.02005018108875667,-0.03406746343482725,-0.09278696513740964,-0.16171070879955587,0.07145376609212617,-0.13567437896728696,-0.2894378890305311,0.15912391044269833,-0.14798646364235685,-0.18444454690273124,-0.05156927190931597,0.1365802145031937,-0.15532365213798932,-0.03456151439141546,-0.08615082250130127,-0.10949108928587759,0.11893745876339065,0.08460664982140528,0.11410480499000375,0.14313585902447415,-0.13502325345376662,0.05403282411625737,-0.1255007571253214,0.06485048144700915,-0.07268997670701888,0.0759134628332991,0.07111025699254173,0.09317946383104347,-0.015350412796152499,-0.02776703908994723,0.20164126759164602,0.0113021128210008,0.157062748263511,0.12618849808971314,0.056401179982406735,-0.09594673436745665,0.07062834056059678,0.0723973912084555,-0.09109552847503125,-0.14013407682904283,-0.028535663645815182,0.10704030930428579,-0.1942460407496213,0.04714736516810658
V8,-0.00377653375272536,-0.1852471481803078,0.14492728789093717,-0.21125988576893534,0.18650314463256887,0.016970597170304642,-0.09854275420484226,-0.1402532497453044,0.10498974524482288,-0.008442964549042031,0.18458699978176663,-0.12345022195204308,0.058038803583157786,-0.006677613358704981,0.03795070333532213,-0.11483850442946585,0.025260606932360548,0.017118597323227763,-0.11506744111517965,0.19442227790609212,0.08146439408246214,0.1219091298604996,-0.07066608317961001,0.08725869235563999,-0.07525863106239114,-0.0725440619809338,-0.025309584961649288,0.21555262546185588,-0.062234192805552854,-0.08345837660161148,0.24708541728743333,0.02545907708212271,-0.07478095737906928,-0.06331912490793402,0.21802205410288,-0.0820949674331809,-0.34884962533392166,0.16964956322736308,0.2785024448887452,0.03797149908282978,-0.09212258067037761,0.18983345816717578,0.0035828310318046473,0.006420322168121513,0.10398168862582662,0.17399343091629224
V9,0.10818362017100303,-0.09635597386813233,0.24526409746736438,0.09531173825601302,0.12735927595183094,-0.11194883203906818,0.00024077760921364932,0.13036596980184997,-0.04916775556564032,0.03508690001248188,0.060729315259634986,0.1012555233955171,0.06479577522400709,0.0502163912552406,-0.10182080739655083,-0.1113342711719924,-0.05088705977194227,0.0927213863755594,-0.3058642609144459,0.038513537201625155,-0.1735264308351828,0.01947275307509548,0.23772814611398885,-0.19561246332887208,-0.23007918231354618,0.0669492615154388,0.09439391732524165,-0.07929160183178702,0.20401223381473899,0.22439512430221417,-0.08300861414716501,-0.07216954506813247,0.041181242569589285,0.06070488362514952,0.17755895098783217,0.15165650661183996,-0.036502715815015366,-0.07630999170912867,0.03914286686689922,-0.03239714508058987,0.09602325753949298,0.12099925041580102,-0.25190414884419243,-0.023229014027747446,-0.0588461217879622,-0.024924105745007696
V10,0.07873298312349718,-0.07874681112229714,-0.1942879091992457,-0.05350994657071986,0.009749930243326682,0.1184521106065448,0.006094034878031861,0.15581690030787898,0.1781577083855193,0.09497174545915743,-0.03475944758898288,0.007275609039973277,-0.10791200367486943,-0.10650244909346139,0.11026636082863012,-0.20452742375320898,0.13346657720197494,-0.07086746520017242,0.2545302042114839,0.10837547174728794,-0.10022630224524637,0.14889375600016527,-0.27302553400277085,-0.16904676408584093,0.06265825428097532,-0.1839140762048347,-0.02878120676604918,0.03590764452133363,0.0896348654653479,0.0642172889671962,0.04097505051577294,-0.05525121573746249,0.17775898455270578,0.24436684164710654,0.22507288546697618,-0.08951673131181104,-0.1820499136674951,-0.1342757416639882,-0.1512381704201048,0.14349446968546412,0.17297314266397482,0.05819731097173605,0.17075011470853801,-0.08662243772150616,0.1319146690791263,-0.07600922941438096
V11,-0.005599634721379453,-0.1409356104648984,-0.13614621116193207,0.05172108593538552,0.009065094079169458,-0.011816374763064214,0.15967582040040448,0.1460610102122447,6.250721197355357e-05,-0.15200620578853197,0.08336028490126884,-0.13572835990822518,-0.05261924900166942,0.09951774902232961,-0.3512455547965853,-0.12095123757079872,0.35634565671670315,-0.2089474622350103,-0.09577798854013726,-0.09810468302763171,0.029930468785573427,-0.1390355569103086,-0.02713519346211283,0.07737759940243183,0.06515267421292045,0.0773622638815892,0.045186862166298754,0.09978508135174674,0.06021286215608536,0.002573534848636594,-0.11644066630874153,0.11399276463322727,0.10864476060451743,0.02320274783218229,-0.06740951203373101,-0.05542552325204466,-0.046567477265637564,0.07330966006126695,-0.0023761447700337973,0.12213300820040592,-0.14475536281253779,-0.013334168411719083,0.3088008665219181,-0.05483260454291856,-0.013761102842762107,0.021769185532659385
V12,-0.16164585568854978,-0.07624416596461436,-0.0516634726459394,-0.08018293632467778,0.06178521602664348,0.294646793733873,0.05573206307370329,-0.2037373501487981,0.007923959939581993,-0.1335212301758508,-0.25504704474158757,0.2917291940985918,-0.04286381803426438,0.004141081957756365,-0.10748803298247114,-0.007898826685967988,0.04459853125119024,0.09663025982072221,-0.1468804781075235,0.061206628134452934,-0.011175266459549374,-0.11868670886727707,0.13533788913283884,-0.09691255494128963,0.055590034176426564,-0.19137144731480332,-0.12035947095104532,0.03730298228904168,0.042362934791863094,-0.06428442329124628,0.1368347636536464,-0.03419029474577663,-0.16712521990126833,0.15617250615177652,0.059021498279938224,-0.04931144160304368,-0.05827778569413972,-0.1116066288689792,0.012645661951053402,0.08724748803991232,0.046520377551609246,-0.047836602231591335,-0.03479555854177589,0.15190103540335556,0.04258442397290016,-0.2512222427488689
V13,-0.10581937090868183,-0.038680830083697215,0.014066897232939468,-0.3313939521869662,0.05019431041139959,0.16995253927699883,-0.136464090695265,0.1304491641576756,-0.11739525254738188,0.019325877467709335,0.005182531082057684,-0.09101770422249202,-0.0378029699430216,-0.01904184396019172,-0.08955157352622102,0.26141843565059797,0.06047481806577829,-0.18060205944363245,0.01953228459906692,0.04013148991750007,0.16066574440138703,-0.11102960069695006,0.07000450010806247,0.025025900568717334,0.05262379546132202,-0.04361751203231572,0.20090373194990438,0.016752205206314444,0.24821597720247024,-0.01940098090049866,-0.150837219437967,0.12312546755302224,0.09214839868951852,0.02347859269332738,-0.08799791366653184,0.20177651448207473,-0.13868920742501858,0.07230711608540151,0.1500832558287352,-0.054025203089528025,0.08683103715088407,-0.3306291646868731,-0.05787518060228516,0.17440722940336267,0.16930303730453544,-0.030852882335544646
V14,-0.16969259031848707,-0.03613945648039166,-0.025716704425089165,0.19264600299579562,0.07139845811294548,-0.1339537397428523,-0.07925779545910369,-0.23685047508330953,-0.09889129362200069,-0.07095263080820613,-0.002576485888455965,0.17937405116017618,0.11510293781938136,0.17008101621401064,0.13375120537202217,0.2704382998011823,0.03281142493750833,0.19715354276619074,0.024263401870336265,0.030169546036690066,0.11442018034269276,0.04597473146654653,-0.0704488062141501,0.08409533898940968,0.09098521079213784,-0.10422263713444262,0.15978904181698045,0.1647548553546342,-0.04716486566100401,-0.14138717454668237,-0.07378760496818539,-0.15512840383097865,0.223913073975692,-0.007441760098032083,-0.09793552287590741,-0.12580472121446803,-0.05864210841069324,-0.16198578671140385,0.01853976867130437,0.0738142098813004,0.008769188959353691,-0.002871807713484782,0.0336123601223357,-0.17230213046077694,-0.05087916187444186,0.1938077444233498
V15,-0.09432252894523753,0.06231619331328757,0.17977108520764354,-0.07856258897179069,0.023027638948390966,0.08421351459668082,0.0008923987002265599,0.18655059789612186,0.15954958669959837,-0.08673185777910308,-0.20248914894089065,0.012005896226019913,0.18525378324577285,0.0035603303499641414,-0.22115855270713775,0.0694671319279798,-0.20110478052166342,-0.011350992193914541,0.13136254116627238,0.34761597903248376,0.05967502293847021,0.01927577756310289,0.08672100208273494,-0.17720057014977864,0.03709347351835044,0.01823327006213936,-0.0131092570398081,0.15182036653783457,-0.04299199540822293,-0.009396634575662227,-0.08019519640442935,0.03215750696665774,0.04794635890890245,-0.044627991055090556,-0.24644026575471345,0.03694612606852518,0.012987858223315024,0.09773546158931326,-0.14608949199206941,-0.27919729087237144,-0.02582938434421672,0.17839337446708917,0.20549422115520685,-0.22273774088803502,0.09193784425103366,0.08485024229599569
V16,-0.030543178210179902,-0.1655240454918271,0.025504934480589922,0.058298342888644605,-0.030564725150615202,0.14016503804219332,0.14776932058730224,0.20594356192533628,-0.029872822095222247,-0.06207910009268103,-0.1911822237121948,-0.05744436074845535,-0.1154927544445056,-0.0776866989829791,-0.019434263294878407,0.07953055484308136,-0.025889288376243384,0.09595118002086062,0.2727447623814116,-0.34620264359163055,0.06312060624035304,0.0673873337522502,0.1436741033088415,0.03929079443760014,-0.208152622537378,0.004393845735355645,0.11345876267729837,0.10783303279499132,-0.1522531134835663,-0.032524146255418857,0.1785982526307528,0.11350694030536457,0.15104422882905388,-0.08607434542870385,-0.07094238981315705,-0.07421374430653963,-0.23819907614635205,0.03139625401889988,-0.09546526391200721,-0.05913244921338012,0.26085344694163076,0.1410893634028461,-0.22013870464706975,0.1064490032159124,-0.16598311979978944,0.17163104483170794
V17,-0.21049460661392952,0.19294107052074594,0.15221067251702528,-0.010330760254294358,-0.1525741929673053,-0.0563487854259794,0.1704726475266877,-0.04775371050077709,-0.0728196837046317,0.1430593116695713,0.011257794259336928,0.1611535813961799,-0.13669213475927153,-0.026804789927836817,0.19130990869676776,-0.020103124541023143,0.159785213071368,0.013518957937386361,0.022250341720151615,0.014262158698005368,-0.13709313692015945,-0.04589658529294306,0.1716111301924679,-0.18046766160240435,0.023434717476301214,-0.19432867661172315,-0.05672019819678706,-0.018229399994752205,-0.05067620960276323,-0.01660752680506469,0.0038392024704697186,0.2873626302474188,0.062416771929708764,-0.22913103349134828,0.058257600747709734,-0.03718997277828473,0.07523988936082597,0.04841649478822328,-0.04561097844552078,0.12167731362705854,-0.012797817412360163,0.16236730417590006,0.19720873817209988,0.1971623313891471,-0.03425356942425133,0.09783304759073487
V18,-0.09524470208589501,-0.03232950902619463,-0.1976760083032692,-0.08412881851395812,0.11016868355301546,0.014882587553880519,-0.21865036092705917,0.009570009673544294,0.09732100781645849,0.0064626749324825095,-0.1318263714599375,0.029069950101690903,-0.03796589828778963,-0.15556812669169198,0.264250444855686,-0.02579290551727277,-0.027874346446420867,0.14009794961411412,-0.17057713725465995,0.08655173004647995,-0.09030808906241133,0.00790479578010618,0.03438330418358778,0.11596029615094941,-0.07601553027067051,0.3704155714929259,-0.007866909988007473,-0.037347851312548606,-0.1989901507491158,0.18429806417372915,0.10077134632923214,0.322927987513873,0.0993264866045625,-0.036652181717543864,0.09411517677294935,-0.030093487873752295,0.1358825849540401,0.12154312828693714,-0.1539448861789604,-0.008195770479387823,0.059713960762049906,-0.2729960337670164,0.1679116175523247,0.043523657039225,-0.02048021342411596,0.11982003229087718
V19,0.05421436121096628,0.3207266762870895,-0.22966227857113092,-0.11748428254301944,0.07372316838169657,-0.14847288190573846,-0.06437976868769243,-0.0036077304222981305,-0.06947914244799795,-0.008793776507083129,0.12340315290460904,-0.07562799104300655,-0.12146766914131801,0.01302816206719934,-0.11932879345769219,0.038074145877644155,-0.14043463986688026,0.046100651045740626,0.03397611961029319,0.014991602623568606,-0.09084376348859395,0.09781254757071844,0.26467725689230465,-0.11882486634344638,0.109861752035712,0.006929058918350883,0.019385387794742692,0.15109305702872783,0.12369511385806883,0.00023929220350680955,0.13268902155678683,-0.027521069303065526,-0.10899762836323018,0.18082733243676014,0.007627802707128616,0.0026791399703359683,0.15383723508282776,0.160344081886778,-0.0018876347765386936,0.11693022861775004,0.08048351413296412,0.1638991187995551,0.04769827876111023,0.15901629213813834,0.18193660183809748,0.14440612637690425
V20,0.09852102318514089,-0.24676910467167124,-0.17854288951729178,0.17429804754952702,0.2203035361565745,-0.0069211831306202195,0.09745294962014234,-0.10062215883527283,-0.18187519075635997,-0.13774155198560925,0.0024394888440275597,-0.02080365260369413,-0.1076271616267708,-0.11258583116141477,-0.14839164355088133,-0.021403671818855677,-0.08894525502724676,0.01455339586527652,-0.017758642496387596,0.10158265024091914,-0.06518367435413691,-0.19080264541742833,0.15549883972034212,0.1333066213119127,-0.08637432103110776,-0.056802845981918954,-0.03920846701842249,-0.11129034830007212,-0.08428555818928828,-0.0772795310692898,-0.005096919122395049,0.24922046091400815,0.0006381698654691625,-0.10009606101235576,0.016559914541774655,-0.09472167515436167,-0.09515436546894689,-0.1021583093707507,0.09401452680107723,-0.1109169580008465,-0.17361784897966998,0.20815123532585947,0.04478529909366945,0.08252969179987991,0.16116306287520107,-0.056041232501754606
V21,0.07032770791794406,0.05177537265917032,-0.17120801354219622,-0.15764662499114018,-0.1660607073764256,-0.07467255638555476,-0.11705818192542561,0.06646389037381266,0.04984125353517086,-0.1498660066293212,0.23578388131636452,0.11823321877232108,0.01146386638812551,-0.12436331637316377,-0.02601957321527254,0.12028449482777243,-0.07128842867211793,-0.07091785485010776,-0.30891357343223524,0.02101793160175451,0.14736004940358094,-0.05826931364760768,0.027619552951900248,0.034679574834852886,0.032267794349230404,-0.11408574113937886,0.12366858214635099,0.34948704983562395,-0.23918839862272048,-0.0004339677936422287,-0.004880466333524319,-0.11835673956607819,0.09176936071058231,-0.08956352089967168,0.1516807665276503,-0.11193017658595888,0.06107940415711424,0.02496746240778032,-0.057710484903274295,-0.08488798347536267,0.019961046028745155,0.02581178484146622,0.07568505038285298,0.11928750309083039,-0.2725353398483897,-0.17935985750709335
V22,-0.001665063128407733,-0.25244480121017265,-0.030405550918801066,0.2648229569851461,-0.18877919590587205,-0.019881036374001772,-0.041643463671137,-0.04252689262319542,-0.02874114725738398,-0.1337271068607842,0.07109263557623925,0.026361073989768558,-0.08435151243436509,-0.014806526947420962,-0.05256001079429997,-0.052425796017257206,0.176115200390149,0.05114607324559828,-0.05139588734923217,0.13205153157907995,0.06327087642285167,0.22584288341108066,-0.0473335653692305,-0.2097069124223792,0.017585992334183925,0.20589535163708195,-0.10242489987932071,0.2728137644226364,-0.14495286686267195,-0.04717108788861352,0.01928009766109775,-0.017848374594384556,-0.1992000415922836,0.03115509986752361,0.019227641986127586,0.15577011238066368,0.026517771393666317,0.08975393745927854,0.059152231931431654,-0.018076340130079395,0.18010298616972903,-0.22406367611401767,-0.1999762728769336,-0.015848688007069,0.1790159509010975,0.1738173779979897
V23,-0.09334753947857977,0.10515537209548535,0.027272901098965976,0.016287322371351082,0.030124672126541782,0.1790962561598881,-0.07068108891288791,-0.0033749000135656626,0.19530328616154768,-0.07540768481620674,0.13672665725854052,-0.14058235506510475,-0.12765833228090284,-0.19653578138570504,-0.24705493063810627,0.09702802945021341,0.0498319343080825,0.25902458791679994,0.08097100282585191,0.10460440409720827,-0.18479152758009532,0.22773286726435432,-0.08684954245991067,0.26265527195004323,-0.047869410886729,-0.17701590894729743,0.04337250814438354,-0.07369286348227372,-0.07027998742861519,-0.10415805232810452,-0.18723319438942934,-0.03726502261874833,0.10787091096194582,0.007778688076305027,0.010348861609456757,-0.0016795501765817233,0.24693373531913831,0.03105942064430435,0.10302893859496916,0.20902891344070434,-0.013734555007691829,0.09042053170571547,-0.16830402285191617,-0.12585934197769585,-0.07968548199540962,-0.01711281715980789
V24,0.05308612026151196,0.07874407021492515,-0.15850976549066953,-0.026352475183048164,-0.13192418997598604,0.1509343013030558,0.23730913690854646,-0.06310834320104053,-0.0669456469201566,-0.007505373319984632,-0.10694138669398923,0.07627147973008788,-0.00731063994241509,0.1134913312499913,0.08062243945686028,-0.013537753313497637,0.12629513243916318,-0.01802879668042645,0.05381164939391381,0.11225464056741073,0.0419602824426305,-0.0613315179456079,0.3128427730004774,0.3353068964135555,-0.03910318017183326,0.14291205733160028,0.11159400381174353,-0.01592200784697241,0.12037623127550647,-0.17443211265283648,0.11095935632018943,-0.09297581024860824,-0.10567867062960618,0.2167024817981027,0.32630162302666177,0.205580278566609,0.10456257373982629,0.011165510713156607,0.04937929475088733,-0.11527946826398411,0.06887376393247,0.07337981525626533,0.11747862018257414,-0.33512296632605415,-0.10421297653780551,0.14564161527228997
V25,-0.11821628471240941,0.17352151739782326,0.08961097189856206,-0.14010378387576522,-0.03921639790645606,-0.13218887671302665,0.10035803551709753,-0.11035852793911301,0.15910321970463648,0.057719907541397414,-0.0627607008650169,0.1112478968377461,0.0604082498307951,-0.18462787517892298,0.025274788941023245,-0.13945253171395477,0.20210744880756237,0.08979668637293142,-0.07217783103994498,-0.28123342099810933,0.054319497623999125,0.1359725510128667,0.06804901937118726,-0.13337972280427252,-0.2800573704286719,-0.016055563930242378,0.1518526508736327,0.1841392410224214,0.04246246478374725,0.07116745420757675,0.0008076094669971223,-0.06673459818660223,-0.03420049419001496,0.14524033970099387,-0.14525320286687338,-0.016586315457162687,-0.12872720231203838,-0.0018688363298942148,0.20770740617316802,-0.21407595828585596,-0.18217970233618475,-0.07378730879961692,0.16746532059832275,-0.13564838321019826,-0.016834646080508386,-0.07227646351469665
V26,-0.16821457005754925,-0.020635541118054705,-0.00915212888522754,-0.03221880850256106,0.09486046269809192,-0.2727503759297299,0.0368209428670912,0.1618152708386908,-0.006060429349519378,-0.11426411325758576,0.11684614368756396,-0.06166334806853524,-0.1660619002075338,-0.12986981813597587,0.13002437646043208,-0.00828809755084689,0.3142164294859869,-0.028562183611794134,-0.09254449213876426,0.16661627684011818,-0.016465032105512166,0.04318497737201715,-0.09144778812237764,0.08416160034432449,0.10809963134034892,-0.08565041575980677,0.1245088324048993,-0.13247490057994368,0.1527546381431542,0.01244279254035592,0.22175228523037394,-0.01298340091186654,0.009210722669445226,0.18300062395922212,-0.2175296880127884,0.09759896588191923,0.17662918187090837,-0.009644146733090622,-0.04594824898449841,-0.17862416939739567,-0.07191829278517597,0.16554336384103585,-0.18924955983115388,0.14905904226530292,-0.10406649970126325,0.1481746425527198
V27,0.055152292111971174,-0.06737386929054809,-0.10252655472920569,-0.13885940745671918,-0.19315502927861464,-0.15881669690350234,-0.11713310477793397,0.2131290797247823,0.07209636135780614,0.16431061533668054,-0.1312602240161858,-0.2183074228015405,-0.023921125154576797,0.2727452871741237,0.0055686199836439965,-0.030718717272201535,-0.125986285645158,0.05495897131807759,-0.062356015803402845,-0.07112932627125773,0.14505465100119883,-0.06271979815032755,0.02462919273693467,0.09677564210897992,0.21259531969053275,-0.06109557563732154,-0.17487142681933449,-0.0969024355436317,-0.12865500509124872,0.06274293614615711,0.17862040345206381,0.06097671419888874,-0.16257209153476015,0.0324072780344304,-0.0851966806327111,-0.11483288546278168,0.002809327556216795,-0.08268265667173343,0.30324610174973676,-0.02551545582471832,0.09542315801008369,0.10832363702162634,-0.02114202897105035,-0.12421716362614228,-0.028750031754342632,0.009991165153554221
V28,0.20113982424540586,0.16286629924579688,-0.05133289709100169,0.05116722332475018,-0.014048642907750609,0.078000632891733,0.12661397316994827,-0.18716565959943837,0.009052423261049991,-0.21825539605709196,0.026975458921196155,-0.02689328129907792,0.18201196329938146,0.026248557217223634,0.20282252754561692,-0.023762422136191536,-0.06626090016281436,-0.26643967932853857,0.10234106653516589,-0.21630023607203436,-0.03510439014535954,0.049851034300237074,-0.1919468471595174,-0.015224825016369493,0.09975132790095215,0.23609433541233352,-0.08970963844164555,0.12536829137742578,0.15625208701203044,0.009953178112339256,0.004451225670488418,0.1315469981661285,0.05988333513268035,-0.061862426004445005,0.010471568156508855,-0.03446197209463711,0.05581060948738811,0.15863527844632927,0.10495469631438309,-0.03055879148361649,-0.1932113121380651,0.18586746568524398,-0.18429213469057348,-0.016360897324412815,-0.06999844600792454,-0.10356268148979153
V29,-0.06738424874332624,0.30035783310850145,-0.08607393235430802,0.13551145585676677,0.10142638212786821,0.10910969406156187,0.07421947631668133,0.12855730848885805,0.019034105888164538,-0.01861385330550775,-0.047308531490926814,-0.12971247129918037,-0.062046319815145676,0.10048817743729949,-0.026946864227472472,0.1153678538767917,0.2099182260648092,-0.06625596513707238,-0.2573979811218903,-0.07565114763331056,-0.009713473076505021,-0.0566643486676108,-0.00044696298622350084,-0.14424762596465862,0.1414652449924848,-0.06425113362436335,-0.045330164472241544,-0.10405851387038939,-0.1799253660874351,-0.19777246281784133,0.26654743223151184,-0.07681299867035242,0.19791225944926708,-0.06257325287790182,0.08696257790148956,-0.03730113043886989,-0.12763692055716896,-0.11259076127985036,-0.031344055644062854,-0.2508494764811999,0.019559826596282637,-0.14361179810377886,-0.1668249793842182,-0.11978416275108536,0.02277792877865434,-0.014307547176928961
V30,0.03545905476264333,-0.20347681707728196,-0.12251302108290404,-0.2440383736099676,0.07597759526826951,-0.07372922345636068,-0.11441815944475703,0.12525604975278354,-0.023671647150632025,0.10600816641270189,-0.2714902504345531,0.01928902241221439,0.0439564190194177,0.051045080986581504,0.09272973616444613,0.17724468840275864,-0.03165633749512455,0.04546128170958047,-0.13740994276834195,-0.21197146036418876,-0.1458857332217312,-0.08901095857881097,-0.08558240390755302,0.06920089201648594,-0.20372884358526339,-0.025674786888068207,0.08034423260047158,0.05541075852173674,0.1260965982820275,-0.08743108652337131,-0.025592743814938146,-0.20674420082722067,0.17315528248740403,0.05220423280126604,0.15718634029790082,-0.08346153177622367,0.10625762039920603,0.18222948589199284,-0.07547922652431793,0.11009610706936014,-0.10751101943069136,0.11175919200186261,-0.07794880997837172,-0.022340257323164213,0.12288703193365835,-0.017196331860414388
V31,0.2528770882550102,-0.053904334410658866,0.14372284958742382,-0.10259241890299171,-0.13924339259308988,-0.07441000436397105,-0.05651844592591549,0.014748765373674741,-0.06787068444264799,-0.25782889999838987,-0.007960703913134887,-0.12798347718767547,0.12415591564168169,-0.011191353825083461,0.01050819117255089,-0.16483230747760508,0.090313228961072,0.03925562484473469,-0.11577945764531206,-0.02810254158153952,-0.0580442969238788,0.20915938670399298,0.20313256792028292,-0.007153493018416508,0.10289797515081187,0.05487015904315083,-0.007811697664454401,0.020761528956172837,0.1385925915560185,-0.28846844091310686,0.11731151005475125,0.11872683156086428,0.18537989143966788,0.02533540557018407,-0.10569173914454325,0.028587549741017224,-0.08360300611317352,-0.10386277156699308,-0.2353348771552721,0.24324612090669456,0.03704859455593181,-0.11234593801719145,-0.014026781893714736,0.006018417245050731,-0.08387728010900042,-0.1685950054468771
V32,-0.2263780073783566,-0.11007939061414745,-0.0692956939913683,0.0363172565511257,-0.10198228864719532,0.1041574561215104,0.16204051960084437,0.05863641011053893,0.07062582537473405,0.13500216865105466,-0.03436854313315921,-0.19162890670946145,-0.0009419194280195081,-0.03518226800543431,-0.046411082836244094,-0.0017335912605724313,-0.11008111402152043,0.11441233055315947,-0.2535466126107512,-0.12192429192125995,-0.09440647086010616,0.1059569711614552,0.018823594266115296,0.07944743506778378,0.25194603027261503,0.0946299345401364,-0.042811955815918956,0.2233483348542533,0.05207540411262862,0.12892142209612747,-0.31059672129755733,0.06184917887698786,-0.19480839827177499,0.19056757045002706,0.04341444121965593,-0.026427187809389047,-0.1448767356174187,-0.21802754334895574,-0.14446483466181512,-0.029676668090480036,-0.049044715346670154,0.14380121154177658,0.034946838557085164,0.13258289030228415,-0.23379216459583266,0.06381319410261295
V33,-0.09052584139993954,0.14445423073522484,0.14613448877185983,0.06037244867237549,0.12120477082462294,0.06548092339819798,-0.1701829879819717,0.04221396827148821,-0.08085228618844992,-0.1326023559247996,0.08686693500587081,-0.10571286637960894,-0.1947076905721113,0.06597020537215881,-0.08131852045071256,-0.29815834527432467,-0.12290615952869986,0.009557100774858135,0.2622946713043087,0.11729296692702923,-0.009898384884161573,-0.19793282490151443,0.04911504961760084,-0.09080723240890343,-0.028172625828696757,0.1945218854510234,0.19248238108406027,0.04558730884705636,-0.05055005813735092,-0.021107224667454266,0.023770616209206393,-0.15609020046131034,0.12364805245781543,0.09822766183050964,0.24915955617171828,-0.22862497902313653,-0.027880847064445186,-0.026070113221654603,0.05851249463071756,-0.13152893722225178,-0.07230084553287039,-0.09419923459899707,0.050744664713628665,0.14532260379545867,-0.23897021277210592,-0.002548624826089821
V34,0.10515079633614528,-0.0567427036431897,0.08927770385592627,-0.0007518956387082862,0.14608164194058296,-0.02901652089757084,0.19020392746280948,-0.09847267899338903,0.27047468495564675,0.044003928226095244,0.18405890644828954,-0.09003912068222171,-0.17110329292088128,0.07045958040786797,-0.0025131468515608574,0.2526795456857417,-0.13964724831855319,0.08818292211221412,-0.10066720965315917,-0.03198517731638417,-0.00663295355291527,0.08692854045435851,-0.06900316189353461,-0.0012275079007836275,-0.1793261986595766,0.1700654364030321,-0.1474081376828109,-0.006450560103154725,0.13797684859673928,-0.010751077557580604,0.16198454810403048,0.13091207016073553,0.23265344061611332,0.10811584055235411,-0.03537044311744795,-0.008169386243874671,0.09758017152369759,-0.3829908886978203,0.09042113045278034,-0.13959422157132098,-0.004314209984139547,-0.09555281225645298,0.23048066187051292,0.012661688750546359,0.11329630758984438,-0.013789027472590611
V35,0.11428408154604255,0.02625333253317728,0.13997693672858874,0.10064138687471894,-0.22302576260963825,0.1557417045833313,0.04105736336118435,-0.0009267855131013578,0.11365843811500553,0.02619281583129643,-0.05749762850562265,-0.18649877758499867,-0.29469445318565957,-0.09097680466164151,0.1424865609755513,0.0018324874109732475,-0.03484992481040754,0.2178149478233692,-0.024030377390590392,-0.008232721029280549,-0.08758691480564162,-0.3384510717341962,-0.0408185341197322,-0.08180420574845683,0.014146068148865362,-0.04910592753533918,0.14811310385301923,0.14939945021654893,0.10938703258948981,0.10062456277326426,0.11247742450306523,0.0574621288608393,-0.03479998603454465,0.045800419351169595,-0.14528565281443137,0.045683671902734015,-0.03543291052570048,0.19584264241511928,0.16658985695534131,0.19066980750204085,-0.14482397003286854,-0.14288764308009194,-0.020572275819035993,-0.1895186755008744,-0.04877680965377823,0.05082666331423744
V36,0.043955400030263395,-0.048769230775506094,0.12310451554869954,-0.1510397751665338,0.0884179880065205,-0.07638059476922023,0.2989163034866917,0.21260747946192501,0.040553837832226464,0.0662144644068805,0.08938876330148778,0.093404638310051,-0.002710071825128571,-0.15741755787932943,-0.1131234374156067,0.08080374423543871,-0.18661812760784446,0.08534784709007105,0.057195694890625065,-0.10146473959208482,0.0410421000771973,0.056020636468911394,-0.1033681205429573,-0.1083681606335128,0.16678866009668422,0.1904818936512585,0.11964287045985755,-0.2179856288467077,-0.0996962937989406,-0.24800561693518564,0.12096996102796534,-0.1772759383093911,-0.2601015880856211,0.012758886154441956,0.06848106323607178,-0.1656395874184028,0.028604122717828223,0.01625945563273637,0.030096933672213555,0.09523346497159996,-0.10339632352909885,-0.16991631656687364,0.012359386745276674,0.08309338205665522,-0.07623026220461876,-0.012327626070535808
V37,0.08943039344253306,-0.1512520244572965,0.03716836273711537,0.12591413867849666,-0.03273997728422491,-0.12236448833526409,0.005305224766618186,0.2410939805109137,-0.03281962979145829,0.04948099205923283,0.04859978091661904,0.29944788875410355,-0.13713344359604915,-0.029322312642506423,0.08353381697428308,-0.03034236228139471,-0.10037032597705964,-0.10960265652165013,0.03689683104160335,-0.09716335325402058,-0.3255262347530872,0.03627596539341274,-0.03060821429993905,0.07839818335815918,0.24436404385985333,-0.10026306430259278,-0.14023441936843853,0.11390296105094193,0.08075230872983094,-0.07388813151657157,-0.13596313495966983,-0.11754581644145978,0.15259961340542985,-0.04008453608000412,0.11551983644771213,0.07404998848976663,-0.042622129984369456,0.12796537957159834,0.13814800788071813,-0.31501232147693625,0.022020931963545057,-0.10327527231658867,0.10620891979708007,0.012157329967677488,0.07495244904968498,0.14138758557467704
V38,-0.12026435834179303,-0.07053089265588416,-0.010667272357092882,-0.03308218342414323,0.01926346410972953,0.07852375893432839,0.13306694213200354,-0.14274153538866566,0.0043712615784799735,0.09089187797395971,0.028760948165860938,0.014961153128270809,0.00040700322531513067,-0.30620290821589274,0.049845580802096154,0.06034393720766141,-0.1802703028741009,-0.4412187159769546,-0.04171734180370247,0.028227212444040473,-0.15062681617978374,0.09000627907457592,0.24272864910221786,0.0475734902061076,0.1791474037905429,0.008520706232379605,0.10388184505949372,0.00925504578384477,-0.06668972738506754,0.16980040412740435,0.17127747700642001,-0.14428596043526984,0.1561410460974051,-0.048192571505492804,-0.13761457249879883,0.00974607417447336,-0.09572271844238246,-0.106611780318222,0.17284440660338518,0.21786448818557194,0.015897150629588838,-0.00035860502669257666,-0.0638455434339324,-0.060660325549319286,-0.0013719828154055147,0.16462294752908765
V39,-0.07525005096910839,-0.222528282482657,-0.23876719581325287,0.012443846194241711,0.061788177510802525,0.07337208520506852,-0.02112443569511517,-0.05304327780433371,0.04599706513631751,0.20002147481529955,-0.016745561620301157,-0.008614822612360108,-0.120813537277174,0.07628858306159457,0.12212678885011179,-0.1347975737948729,0.03173319507056906,-0.0678747720228233,-0.025046429235794677,0.028359785839103563,0.1423726230570141,0.07721505938403417,0.12134142431791045,-0.2531515744623124,-0.13076358658924023,0.13047921642555238,-0.052624681698072315,-0.13104491636266818,-0.16597718452045315,-0.27189160493586534,-0.11012210647245443,-0.17383969745938968,0.10465911861798306,0.19903392202866402,-0.27515956772249883,0.03621954096146759,0.04812766679061688,0.19262468682913525,-0.04727161136286516,0.004212125117316633,-0.2702884580111791,0.14331593787327424,-0.016967448704989868,0.10033812880456783,-0.05842391688879285,0.016720053926794348
V40,0.21663315319648319,0.09348106219361725,-0.00012546970195264522,0.08124158908473146,-0.032086141022356456,0.10543244124951093,-0.12467455441637479,0.09539316617198544,0.16448717885208852,0.09448161441246224,-0.07037184254825517,0.22565001071583377,0.19124660559032025,0.19631821175577033,-0.09109069757778084,-0.10712966309760528,0.16188731144224777,0.08184894262564506,0.06918791731852225,0.04981539882085212,-0.1347024090136436,0.039539249894071565,0.06602389030897385,0.30311851626432296,-0.008479459515704224,-0.09121801835279549,-0.026536571402371978,-0.017905545806589464,-0.01673712803244791,0.11939735572735233,0.0773569088084974,-0.045902277692055335,-0.026615783513992325,0.030980229740605325,-0.1440932623229955,-0.06193831627180067,-0.1258164383674883,-0.07992336164636493,0.04270879634482916,0.01846018803827519,-0.34086296665987725,-0.20807424342790445,-0.048133314897860824,0.3378059922426989,-0.06184669908084743,0.2441747797334074
V41,-0.06450845420124368,-0.058850297331284225,0.00969754257878703,-0.08036007135832489,-0.05850030646314302,-0.0811294599488907,0.009264575662549677,-0.22986893487039795,0.3376043294748216,-0.13604179565665,-0.1353740158934533,0.0957248543558937,-0.1037309823809166,-0.03351945445022234,-0.2436872437361339,-0.08532932835691992,-0.07054408590951869,0.10824937655278369,-0.10894668911294347,-0.01988307652439969,0.029244587935215012,-0.07948834334719823,-0.07457215102901828,0.10660225515959788,0.186693703714664,0.16270565215053784,-0.03740325141589039,-0.1889412748979127,0.22702341861897185,0.010238719397177742,0.06345729083961266,-0.113220872265058,0.1629347194664605,-0.2055262086719512,-0.013523314865055716,0.08088245673837594,-0.14640235914219268,0.25797996251009264,-0.1777823188495089,-0.08171838851560906,0.096212817617068,0.09895754343358683,-0.014365097224019964,0.021382678399515714,-0.1006295863011433,0.12196111882658367
V42,0.048452116716375324,0.03375303996589409,-0.25683412511822723,0.18448483137459848,0.10475341440806925,0.09299269846049908,-0.0714987986796145,0.10271173107453273,0.023280282430513215,0.03996691600242213,-0.057354180941965316,-0.06548473206228571,0.1492782553866759,0.12647208150065817,-0.06315370499832418,0.15315566765167865,-0.09336652806178342,0.057277583274842885,-0.008178001988925505,0.06691208363086591,-0.323280151801734,-0.11369851186973895,-0.1508649957282925,-0.22589708817770035,-0.05786879146966778,0.07546263579014012,0.2042326475689781,0.2555144043525458,0.09400857089826362,-0.1353476187463602,0.19322548916524493,0.013228125489528897,-0.05262621656944244,-0.09639003977219401,-0.11133108263580489,0.24458483700734115,0.013009651581545663,-0.09719882485325232,0.08742009384743371,0.08418490625117254,-0.013199128773501847,0.10670136467629034,0.07737430015472038,0.1245620387748742,-0.1448677552321561,0.009673898519494448
V43,-0.05081809955566419,0.02602276164112261,-0.04521489634033361,0.09788249966999152,-0.07961629703992498,-0.26524508547309056,0.3089617657770628,0.1660775277889094,0.04824609269385875,-0.18147170589982345,-0.11397621584966015,0.1341482892376573,0.09999718868326203,-0.17805103125241792,-0.00750793316502435,0.022852055655559256,-0.07669192093392027,0.11337615549147799,-0.0017255972068634662,0.13204742464057312,0.0498807471426853,-0.2392903768518144,-0.006876872563297866,0.027683384675179695,-0.02055138283142112,0.11479378367686312,-0.0861250118086275,0.041964333813773194,-0.13256432218854547,-0.08955501685149767,-0.13405743363594103,-0.02957649787163341,0.1634212523418811,0.1518891676575783,0.022163497663964,0.01635866570709444,-0.009408373159323968,0.03891169340136605,0.22924940299621566,0.27174120856276934,-0.0290642974694868,-0.10317183295451438,-0.04111286682388071,0.06548304220642627,0.15184592240785133,-0.02488932112787058
V44,-0.06045328141412726,-0.13069705664508832,0.1633175620018728,-0.023739315706116967,0.02335091880587537,0.1425598108462516,0.09494535524044584,-0.06187381809588941,-0.05275530720515953,0.28972683500208,0.17884979621060504,0.11468930811624435,0.13022902064916708,-0.06404093082771012,-0.06489522802002111,0.09753909141782253,0.09538615103328846,0.06238496224926134,0.10859143237391457,0.043606371368095004,0.07843054002144953,-0.22737227332001766,-0.0400998869407094,0.05012168392761135,0.12101415382554868,0.0905090945635075,-0.1823065211233436,0.29495006752476916,0.20662070995860898,-0.05456704147996298,0.18896438981620647,0.11527484760446308,0.04830306501638356,0.17106175846084717,-0.0032572240425891817,-0.258429353782627,0.2200845072627839,0.08632778027422845,-0.2003789776984469,-0.10492576147933619,-0.02085410112055574,-0.002509659936479891,-0.22902606243947363,0.03925704323842408,0.02031773810403835,-0.009272304647326035
V45,-0.21516765765512944,0.06792989790303651,0.03792168651555279,0.056009513014605106,0.14547978450466237,0.17553967706100257,-0.3253038106091997,0.13092726261606283,0.19092228531298705,-0.08768555157521125,-0.11207180874582656,0.05379094761129893,0.03185238120456313,-0.12625828709456555,0.057021044829423384,-0.1475480789223938,-0.05564285858517082,-0.11535531804067442,0.009066950372300542,-0.1576494921825174,0.048833537464261174,0.021526436452445154,0.17702550702644812,-0.00426408332516956,0.15384109874292223,0.1265018300742424,-0.1974113664372788,0.05681376543261761,0.025830537347819732,-0.09537236561319312,-0.07393365479542235,0.04680537030175459,0.09439390798033102,0.06745021364573248,0.03162126090612058,0.045409126582451234,0.15555332202201277,-0.1923703157825917,0.18987885492562923,0.04738179355632911,-0.13577059293849358,0.021117483027177503,-0.16709032698969747,-0.09827436274957749,0.025972348105080645,-0.025594651461041257
V46,-0.09391900655627634,-0.16117004742475813,0.05976595798340581,-0.18015806719681296,0.1361163709942694,-0.2924437131406116,-0.0020413518638161925,0.018212299293031888,-0.03549351102299629,-0.10539251683305474,-0.276437649558611,-0.06506343613600055,0.04527815955335207,-0.0067196578768490625,0.024203910080204998,0.08605801290645275,0.10293425158995892,0.07881853182219616,0.17149255628048354,0.10030928476743117,-0.15174885447578618,0.06438854276827542,0.04104912121548124,-0.16017233781916163,0.20547882298873116,-0.057978108427235345,-0.027342979929238995,0.08064925181258042,0.006574194716246151,-0.0038965261045164883,0.12006779300678512,0.1252389853564894,-0.09924648335797116,-0.13896176247237593,0.19067611929775952,0.07347325632292023,0.010778685101846194,-0.09072269244252036,-0.05029389274205625,0.02348579617366052,-0.33838126947763253,-0.0909338963796763,-0.04310970861076699,-0.17665140794599796,-0.14760160180097281,-0.04553495067525155
V47,-0.09444974020040875,-0.13682388708910256,0.31604888554461225,0.0859191058483056,0.1461560807864467,0.010585561746312228,-0.1379508617784578,-0.04551826811606767,-0.1446604957617828,0.049589747533422456,-0.11595695035623371,0.018683472382505256,-0.12494544101080053,0.049426094959381384,0.1105473873130527,-0.0963662716594119,0.15170351245069633,-0.013764846121191568,-0.07883954637541807,-0.06140087939469506,-0.13860296435074027,-0.08320662106325094,-0.13127872109143462,0.18581507247685836,0.19431041313634287,0.19485015318354046,0.21495486098068456,0.04706994976952027,-0.0894392955171639,-0.03753132303727278,0.029076214326219173,-0.11230620469030114,-0.08293994598358309,-0.009668229285087052,-0.17733082789690427,-0.005668890918893679,0.09277379981890134,-0.014659768520457243,0.11747012577839637,0.009598148952357832,0.20626261862444292,0.1678403103574393,0.20138205592085423,0.00804597698423332,0.05509644186864898,-0.2914554748952465
V48,0.22427490816856108,0.0028324393015145876,-0.02805943801712081,-0.0054115669044781005,0.1115803392141861,0.08542916913001743,0.1561533042886455,-0.0332824165007907,-0.03682251959593055,0.2472998007591405,-0.04770221995167276,-0.1768803794332892,-0.1074307391790986,-0.03571974243137421,0.007813303208355354,-0.18531414876949825,0.0641354475141104,0.14671064953840413,-0.09530904063907883,0.05492426163124167,0.1659999856183796,-0.06680449671915552,0.1362039441550253,-0.03253955625319828,0.1694159007518219,-0.011673158307062198,0.04352253526767328,0.16832747655781416,-0.06316586736087135,0.17855670795455558,-0.048469309704678346,-0.2943848375415015,0.16297465116738882,-0.36476242496028827,0.024118892947142367,0.05661752532999349,0.14373883547463084,-0.1053470206904531,-0.16337891883384986,0.029071227787243005,-0.16674223891384599,-0.04082958421230401,-0.08804861674427474,-0.05803592989264121,0.21914526959786582,0.008505680226468785
V49,0.13740765065258093,0.039615276768857795,0.05329121378828403,-0.04504500580129518,0.385145758803563,-0.007731088641161114,0.06963809321969364,-0.10098164389971277,0.08171527057678371,-0.09104624361989441,-0.01034420948951627,-0.0011550293909954115,-0.2520535385225919,0.09879064971693129,0.11478124709477386,-0.01984535511147177,-0.09538276753100727,-0.012675827735711458,-0.040332980958092,-0.18654630483519058,0.1247235527362692,-0.048003542933118315,-0.05839367812163507,-0.036063967743826184,0.09831954466995013,-0.24371231508958885,0.04506494277838188,0.09501841408799105,-0.06760088626420067,-0.1241248676562258,-0.2975900247678478,0.22277104527772434,-0.13607690306608924,0.1016862811054883,0.08837453500628653,0.17406120050543125,0.009855837925929839,0.0632659019504787,-0.07528874420019274,-0.027504973846878944,-0.02664703316478335,-0.09741875251631538,-0.09995057290891261,-0.03938397990812828,-0.08882208321189017,0.1911291726330665
V50,0.0988485788708772,-0.15099862640554337,0.010701198893253059,0.11737972163273533,-0.12926544139453458,-0.18981279366655193,0.0025405357275411797,-0.08304836861968183,0.24162978990415995,0.19014709275091918,-0.07002910138650639,-0.01158854669364282,0.009971352558839505,0.07670138582608294,-0.05821739854515171,-0.17936904662191894,-0.14838858830201818,-0.024260831398626802,0.10552736097730162,-0.00013908355167609188,0.06317702867009117,0.13304791099939475,0.2130865197019109,0.0896315020929347,0.07238781532061196,-0.19459273937303848,0.3072921369935868,0.12006221858589347,-0.025390633828968577,-0.19937490220499468,0.04342523896798367,0.23551700206819376,0.14515303392827317,0.03738325006496343,0.008726713924295658,0.00021272901049256693,0.23031751985061968,0.030130014975880838,0.07893555369038427,-0.12237123520159153,0.05841591241226593,-0.07269658103434769,-0.04018368978408687,0.09964993149107104,0.0583313847544094,-0.23872126732672172
V51,0.08223251558210497,0.026452656256782444,0.16095495907463997,0.0992647360241401,-0.06104373569003709,-0.18195087995054987,-0.09415035065082465,-0.170967911640623,0.2010369904181078,-0.08015275959959509,-0.14961048503573018,-0.18952164431945834,0.19823894353967003,-0.133248243589004,0.04447976550245403,0.028808054633632993,0.017549115645055458,-0.10808468565007706,0.04677693136156669,-0.061711809541502904,0.13129303941666273,-0.3273376610613885,-0.07005480061422752,-0.024724499590745824,0.0626681690974389,-0.0690368306853806,0.07615291888315827,-0.03221803367701685,-0.15610186702960926,0.0636437748142342,0.02606097776437187,-0.09097144050281981,0.027931500163443937,0.291125130191951,0.13302338679605505,0.1866169453177212,-0.0020753877835412993,-0.15980195551713786,-0.14752125977384323,0.0061021950053446565,0.05555896530759044,0.13231026867110554,0.010785268105662646,0.2471016029824293,0.14942830102931096,0.17712322429160238
V52,0.2272605985563649,-0.05225655511823361,-0.09169373310855324,-0.21812554354557773,0.2868771002158656,-0.10904474564388732,0.0489920776611422,0.009811201594234193,-0.014546332428803694,0.00900665983689708,0.14459913007075556,0.03766038822203545,0.1374931606589299,-0.041439593670583745,0.09038565013077848,0.011466359916115696,0.16609036016665407,0.08127045330508442,0.2318219083630092,0.053444803839503854,-0.06078942251740398,-0.12054532390185249,0.19264359974145867,0.03506882625579248,0.06354842062680703,0.1176366792059362,0.006729373964197843,0.07305515815193594,-0.13740322915285866,0.16144996711327686,-0.15019049935539347,-0.009240528771968542,-0.009297961730805264,0.08931142374346465,-0.21849816240701964,-0.04745126163253707,-0.07111485694966727,-0.11050301966785114,-0.01518184579844889,0.02227626153966762,0.19952845952423864,-0.022152615278774546,-0.05200636539355874,-0.14411473616056275,-0.17272433026807116,0.00037527187396224626
V53,0.014542016490517293,0.16073152659968332,0.1759543731826258,-0.12220798170939351,0.20682391007362402,-0.05488226887191654,0.15771401674225563,0.031831197185294605,0.008854300771860989,-0.03368578195519148,-0.15086934091172513,-0.03314582626720965,-0.13291490277218948,0.15772915254145733,0.027594851283183675,-0.14928867423034548,-0.09645756582141649,-0.13393084082123788,-0.06772522131147068,0.0592340279972321,-0.07701429644656937,0.00196122236256039,-0.0380706111940072,0.20332607761609417,-0.18517934800318486,-0.061782131729452634,-0.3655522696332239,0.26488281738687214,-0.0821002115756411,-0.14568121926637878,0.0735356190832866,-0.1780958708713049,-0.017718471772124267,-0.013095431740785549,-0.19774918493046034,0.12642523082367677,0.05206360348081228,0.048328950218907776,-0.06992640824525516,0.13598518624125497,0.19066791475649847,-0.08432901017393313,0.06548644939945358,0.11676854598053558,-0.09192026352863264,0.006062114646523557
V54,0.22676448322888695,-0.003962373141639007,0.045330740528920756,-0.08582743104392739,-0.20102128692414512,0.005225926667458372,-0.1416058580293493,0.07657192511194554,-0.021725757723806416,0.023875774610727228,-0.017912020347797986,0.10653735064902442,-0.30069119410037937,-0.19871974387021146,0.0731195670510893,0.22288949905072997,0.10690229823312702,0.05358880073497505,0.1381341669064784,0.1389030983150742,0.147060330017318,-0.04237055450941629,0.011481112428193663,0.04112865536388698,-0.04907108316828916,0.10278072341188998,-0.24487670080146792,0.06123410533019427,-0.02707304451593351,-0.024482274597776743,-0.03765533640844315,-0.05397538783631947,0.04264634664425379,-0.04514710400074598,0.013769312903676377,0.27864945478877917,-0.1115471217364079,-0.1470948709202949,0.07913454845793562,-0.08972718606991725,-0.14757665164030878,0.2222877037029133,-0.019741366167610935,0.10026384552602766,-0.16407285718384984,-0.209564382345932
V55,-0.14886809514784655,0.0029985833628148177,-0.2859226570005079,-0.03735393887157704,0.010245525939891397,-0.005323781660336008,0.09169839098900961,-0.01628746845649279,-0.03586395146304579,-0.10537506811914876,0.06509520236167425,0.033409366119624466,0.00928857400123509,-0.13899625389708875,0.20593098950646693,-0.2892908234172756,-0.23136487505138884,0.1637446283381338,0.1015670467386446,0.03921194662652514,0.10575825803880974,-0.013197802813843938,-0.12901692625145933,0.14571466741728747,0.0031143820389636784,-0.05473111912536166,0.13023112739781548,0.0360247258591516,0.2405434364378004,-0.05722523360832601,0.07090019288183187,-0.08802514123893207,-0.1361943018024717,-0.16618042032489785,-0.1552846817245136,0.16239111900122477,-0.09566839519070956,-0.1878251182300519,-0.0715840969448106,-0.14323907815289896,-0.0034172592271614934,-0.09781062778823675,-0.04124099696190177,0.0704808221828517,0.07582394168432136,-0.09707815597027866
V56,0.03397057750821717,0.20515614818414465,-0.18216106256325648,0.13544369057194408,0.10253804239657002,-0.2731124236219066,-0.09665432934181373,-0.01397744319030533,-0.030144756871352693,0.20140034045889516,-0.17489612574970698,0.054816997773238445,-0.07695781332213043,-0.14669898274339407,-0.09371792049322782,-0.12178460475215062,0.023128843444942072,-0.00022816567342049884,-0.10801791992175748,0.13839232488376388,0.11322111672081087,-0.11520625948404833,-0.05879599236287972,-0.03836667308626006,-0.02897107233793289,0.008599981818867675,-0.1070845550503731,0.05171509461038338,0.25721483233669373,-0.05903999935842619,-0.09163057496329623,0.13130848844784082,0.05145496757668162,-0.01404698594217757,-0.08329119116722991,-0.2889146761800828,-0.166382040572568,0.0031796495902636224,0.13414876024183836,0.038761438914961435,0.19330470557894538,0.006857654863293788,-0.168522714586901,-0.11882227007804327,-0.1322917578226352,-0.013044931426278078
V57,-0.17236547616528247,0.18219289743711614,-0.07022286741220965,-0.04357542502840401,0.1389140338671929,-0.08058954870802347,0.07538866136757039,0.08666732057517233,0.07457170365534949,0.1743206965351256,0.11450391615533032,0.23152538049593158,0.01748880663925212,0.1434081809253936,-0.2055578531195465,-0.07310070213481167,0.08657081223214516,0.0921351635537836,0.10063056038487428,-0.14780241024648025,0.06981636793083362,0.021104644273362366,-0.11362013519674106,0.10292873254873305,0.07667238991741068,0.17704369559387775,0.08583033179414779,0.08038216708660156,-0.22086534405846958,0.13029592943576113,0.10616726834832353,0.16595187104541126,0.07872493362873337,-0.02492862978274174,0.09901003566755122,0.3481250529420584,-0.11759230988522473,0.053594255450368306,-0.006110184870885965,0.12281313998473427,-0.010960004268805515,0.14537272736046136,-0.1414909049484461,-0.015506971365087987,0.17395569766688296,-0.2115425594912475
V58,-0.15159277855683634,0.08041030106694483,0.0345776811318881,0.060841406054544134,-0.06397179194340537,-0.09947596592143104,-0.13025776278563678,0.00898344104518156,-0.2606573212966854,0.05966876573454777,0.18973850707090167,-0.23800589764713903,0.11345712380846741,-0.17359240997655892,-0.0088227015375286,-0.05536359443279863,-0.13579710979634438,0.18064143680218336,0.0045066226397617315,-0.1603474482376887,-0.208044449017259,-0.09537881445288658,0.09795131665570887,0.1592037703216807,-0.02600328492106896,-0.07961188996867101,-0.20498170950556033,0.03371632585520601,-0.08718651036227734,-0.12880043545998543,0.050209044468067066,-0.020675150449559927,0.06136189727243087,0.17519294850288902,-0.04715607675549417,0.10480338904995906,-0.2282914933267918,0.1133822065397414,-0.18712107483447527,-0.10978387792087002,-0.14036276426260982,-0.06046481151700958,0.04113006005379074,-0.13711840071001408,0.17126396877876293,-0.08481950368221872
V59,0.08450487077665005,0.03278322039905914,0.12521826308495104,0.14501506023990632,0.1072950976751733,0.08069134518763607,-0.10839332628499343,0.21770350470067254,-0.08753340926279035,0.24970813085201496,0.01650583241819286,0.07396573818537786,0.19200288953544725,-0.291455085873989,-0.007070141641025408,-0.08949626370476847,0.0015323987827451369,-0.03644021400513746,-0.12650700104945353,-0.027340938335679254,0.29640002479966143,0.002794914635311632,-0.08095009760285768,0.0528037179558755,-0.04714199705204913,-0.0026671294445515803,0.04380803612447242,-0.02972841907127216,0.11305155208288889,-0.282732247969814,0.049950038420800404,0.11516726656441001,-0.06786889630949171,-0.12266660426063479,0.08410153579402163,0.15798815019654905,0.034252350363152675,-0.07635532515666757,-0.03607205066540169,0.16736504022949517,0.007112062395713166,0.06556305268391985,0.21114992832356544,-0.04938663358973083,-0.11403484643296222,0.21907319917538468
V60,0.17069519879942488,0.1422154213994282,0.044430363872118406,0.2594323245445596,0.1656723714885772,0.004620205301521574,0.015288981943647948,-0.10342917598667961,-0.05906283772144742,0.17117335671967038,-0.16540374922322906,-0.042336949279150424,-0.04781448016182535,-0.053449906936679066,0.04588456781779821,0.250736932589495,-0.050685393995367395,0.03931765480697021,-0.02877678551031103,0.15143380775419513,0.08274619384305151,0.2764404956875512,0.05489677154584585,0.06448075057115435,0.21592475000373906,0.06529994677903833,0.0717136161811175,-0.06362324020818291,0.00466985937153807,0.05783569372516437,0.010428260170744455,-0.006665000653772096,0.026256632866171498,0.20762315147529473,0.01705040917325301,0.02045763738981716,-0.2884700334195136,0.2737750617146122,-0.05034629694794235,0.004652286594925635,-0.0630324638178217,-0.05494367493542329,0.09824130601892442,0.09404085560319293,-0.07702356782941927,-0.21817984769209053
